persona_uuid,agreeableness_option,conscientiousness_option,emotionality_option,extraversion_option,honesty_humility_option,openness_option
012c2119-a583-4b9f-aeab-0ad4f9a9d69b,0.046263345195729534,0.6903914590747331,0.05693950177935943,0.0,0.1708185053380783,0.03558718861209965
014ba10f-8acd-457e-9037-e261803e157f,0.08333333333333333,0.42424242424242425,0.19318181818181818,0.007575757575757576,0.24621212121212122,0.045454545454545456
023aed03-74e5-4d94-9cb7-e8666f1bba99,0.04513888888888889,0.7847222222222222,0.024305555555555556,0.0,0.1388888888888889,0.006944444444444444
04ded9e6-4f9a-46f4-a599-45a8293be256,0.35611510791366907,0.2805755395683453,0.046762589928057555,0.03597122302158273,0.18705035971223022,0.09352517985611511
059599ce-6ed4-4daa-a731-a9749eada7f1,0.21505376344086022,0.37992831541218636,0.014336917562724014,0.03225806451612903,0.2867383512544803,0.07168458781362007
0802375f-cee6-41d6-aa1d-d761b5627a2b,0.1588447653429603,0.44404332129963897,0.039711191335740074,0.01444043321299639,0.26714801444043323,0.07581227436823104
0820b20a-1b94-49c8-98b5-344755f27912,0.2893772893772894,0.21611721611721613,0.03296703296703297,0.04395604395604396,0.23443223443223443,0.18315018315018314
08b7e46e-5121-4146-97ba-2d6df8176f6b,0.010135135135135136,0.8074324324324325,0.0,0.0033783783783783786,0.15878378378378377,0.02027027027027027
08c6a299-a2cc-4612-99b4-1f361cc05a2f,0.16911764705882354,0.3602941176470588,0.025735294117647058,0.03676470588235294,0.3235294117647059,0.08455882352941177
08ee88fa-a31a-4e3a-98a2-41fe3992531a,0.2898550724637681,0.36594202898550726,0.07971014492753623,0.007246376811594203,0.19927536231884058,0.057971014492753624
08f89dad-0663-4e00-9aeb-1c02853e42aa,0.016722408026755852,0.7959866220735786,0.0,0.0033444816053511705,0.15719063545150502,0.026755852842809364
09190f7c-3163-4a75-acf6-c7412abb7f27,0.25274725274725274,0.315018315018315,0.018315018315018316,0.054945054945054944,0.2783882783882784,0.08058608058608059
09e66043-aebd-4f33-8fc3-9275c1a4f94a,0.37454545454545457,0.2581818181818182,0.07636363636363637,0.014545454545454545,0.2109090909090909,0.06545454545454546
0a2f9ecf-7a5b-4ca0-8a08-757569106836,0.0034602076124567475,0.6401384083044983,0.0,0.11072664359861592,0.23183391003460208,0.01384083044982699
0a7aa465-c63e-47b5-ac15-d3ee1affe14c,0.38489208633093525,0.29136690647482016,0.025179856115107913,0.007194244604316547,0.2014388489208633,0.08992805755395683
0a885c0c-3670-4380-a115-2ed1baf04d68,0.3010752688172043,0.34050179211469533,0.010752688172043012,0.025089605734767026,0.26523297491039427,0.05734767025089606
0ad5560c-0cb9-458f-9c8c-42f0c3e8d332,0.0636042402826855,0.4840989399293286,0.0176678445229682,0.07420494699646643,0.2826855123674912,0.07773851590106007
0b23f99b-f6ba-4c33-af56-00ebdc623800,0.28888888888888886,0.362962962962963,0.025925925925925925,0.022222222222222223,0.24444444444444444,0.05555555555555555
0bb3f691-de89-499d-8143-bb9a3950312e,0.04844290657439446,0.6539792387543253,0.01730103806228374,0.0034602076124567475,0.2179930795847751,0.058823529411764705
0c74725c-7214-4fc5-a591-3242490f793a,0.017241379310344827,0.7724137931034483,0.013793103448275862,0.0034482758620689655,0.1724137931034483,0.020689655172413793
0c769cb6-88a1-4960-8b1e-4b4f38147ec5,0.04964539007092199,0.5780141843971631,0.01773049645390071,0.02127659574468085,0.2872340425531915,0.04609929078014184
0c8a6a77-5233-4cd8-bbdb-8a5b96bba72b,0.10948905109489052,0.3686131386861314,0.032846715328467155,0.06934306569343066,0.2518248175182482,0.1678832116788321
0cb72c58-e3fd-41e5-bcae-62b9fae54947,0.27697841726618705,0.27697841726618705,0.02158273381294964,0.03237410071942446,0.2733812949640288,0.11870503597122302
0eec5e8c-c292-4f78-bf4c-fa337fab358d,0.1801470588235294,0.4338235294117647,0.051470588235294115,0.014705882352941176,0.25735294117647056,0.0625
0fdc0802-cc61-4529-990d-0370b2fddb42,0.04498269896193772,0.7785467128027682,0.010380622837370242,0.0,0.14878892733564014,0.01730103806228374
0ffc5e0a-8f89-4f68-9d23-297dff1f4861,0.0,0.7593220338983051,0.0,0.01694915254237288,0.2,0.023728813559322035
102aed91-3a60-4825-9ab3-83c48e0e0bb4,0.2454212454212454,0.34798534798534797,0.03296703296703297,0.054945054945054944,0.24175824175824176,0.07692307692307693
103109b0-5e10-4577-bde6-96e2a7e63a76,0.20216606498194944,0.3971119133574007,0.02888086642599278,0.021660649819494584,0.2563176895306859,0.09386281588447654
1045aa24-efbb-460b-a671-3bd275692848,0.0851063829787234,0.6595744680851063,0.0035460992907801418,0.0,0.20212765957446807,0.04964539007092199
118c23b1-122b-4be1-b29a-de4b4f90d218,0.11231884057971014,0.23550724637681159,0.018115942028985508,0.15942028985507245,0.3188405797101449,0.15579710144927536
1215d87f-07a4-48e9-add8-2d690f80493d,0.003401360544217687,0.7312925170068028,0.0,0.08503401360544217,0.17346938775510204,0.006802721088435374
13538e99-9c52-4ad5-8a97-3de408e7c74a,0.003367003367003367,0.8417508417508418,0.0,0.0,0.13131313131313133,0.02356902356902357
13fd87c9-20df-401b-8104-5d3ab240a4b8,0.0,0.7303754266211604,0.0,0.08532423208191127,0.18088737201365188,0.0034129692832764505
145589a5-c288-4570-b035-869f14380678,0.11387900355871886,0.45195729537366547,0.010676156583629894,0.042704626334519574,0.28825622775800713,0.09252669039145907
1464becc-1ec2-4e82-a8f8-dd15075e9212,0.024390243902439025,0.6655052264808362,0.006968641114982578,0.020905923344947737,0.25435540069686413,0.027874564459930314
146b22b9-9f2a-4284-bcea-31a27b9f1997,0.03103448275862069,0.803448275862069,0.0,0.0034482758620689655,0.13448275862068965,0.027586206896551724
157c2f4e-5709-41d2-8611-d31c54e495cd,0.10357142857142858,0.6464285714285715,0.02142857142857143,0.0,0.17857142857142858,0.05
15d8ba70-2a0b-4743-be4c-f97f47ca3fab,0.0136986301369863,0.7294520547945206,0.00684931506849315,0.06164383561643835,0.1780821917808219,0.010273972602739725
16155acc-370e-4e42-a194-795b188dc1d5,0.5287769784172662,0.15827338129496402,0.02877697841726619,0.02877697841726619,0.20863309352517986,0.046762589928057555
17d8fbb6-0966-427f-b6e3-59ad68edeb70,0.0,0.6689419795221843,0.0,0.06484641638225255,0.25597269624573377,0.010238907849829351
185f312a-92fb-48e1-8fb7-ce5e9bb1d557,0.03806228373702422,0.7820069204152249,0.031141868512110725,0.0,0.1314878892733564,0.01730103806228374
1930b296-ff52-42db-9c09-de2e8e07986f,0.22302158273381295,0.3776978417266187,0.007194244604316547,0.025179856115107913,0.3057553956834532,0.06115107913669065
194fcf2a-8fff-49c1-9291-950b1bc073d9,0.07636363636363637,0.26181818181818184,0.01818181818181818,0.23636363636363636,0.31636363636363635,0.09090909090909091
19d1158b-b868-481e-b352-6b8e25f5deac,0.08396946564885496,0.5419847328244275,0.15267175572519084,0.011450381679389313,0.18702290076335878,0.022900763358778626
1a21c39f-f69c-4c01-9806-209d8a5fbeb8,0.0035842293906810036,0.5519713261648745,0.0035842293906810036,0.11827956989247312,0.2867383512544803,0.035842293906810034
1ae789c4-75ac-4c81-afef-af62735161d7,0.013651877133105802,0.6484641638225256,0.0034129692832764505,0.06484641638225255,0.2525597269624573,0.017064846416382253
1b380788-aeae-48cb-abb3-15c02ff37436,0.02040816326530612,0.8401360544217688,0.01020408163265306,0.0,0.12244897959183673,0.006802721088435374
1c82bc7a-768c-43ef-8f5a-8a77d6b79e22,0.003355704697986577,0.7986577181208053,0.020134228187919462,0.0,0.15436241610738255,0.02348993288590604
1cbe9118-e66a-489e-a64b-9a1e5304985b,0.07420494699646643,0.47703180212014135,0.02120141342756184,0.053003533568904596,0.28975265017667845,0.08480565371024736
1ce3c3ed-adf1-40d8-8fc9-d04098dd802f,0.0,0.7346938775510204,0.0,0.05782312925170068,0.19387755102040816,0.013605442176870748
1cf54ab8-97ec-4e84-9842-9bc2a212974a,0.024475524475524476,0.7727272727272727,0.013986013986013986,0.0,0.16433566433566432,0.024475524475524476
1da3d70a-83bc-4127-ba58-a7e7db137af0,0.00684931506849315,0.6575342465753424,0.0,0.08561643835616438,0.22945205479452055,0.02054794520547945
1e5e8019-7abc-41cb-8f9b-98251884cb01,0.013513513513513514,0.7331081081081081,0.0,0.0033783783783783786,0.22972972972972974,0.02027027027027027
1ec03f25-9b40-44f9-8b0a-c9814a4bbdec,0.3686131386861314,0.17883211678832117,0.032846715328467155,0.06204379562043796,0.19343065693430658,0.16423357664233576
1ec088da-71f9-4a95-9465-2d5b14f65798,0.04152249134948097,0.7577854671280276,0.020761245674740483,0.0034602076124567475,0.1522491349480969,0.02422145328719723
1f29ab95-8460-4c0a-aed1-c01d0455d8a2,0.06206896551724138,0.6896551724137931,0.017241379310344827,0.0,0.2,0.03103448275862069
1f2efe15-afff-4382-8a01-5a574572e250,0.034482758620689655,0.7379310344827587,0.034482758620689655,0.0,0.15517241379310345,0.03793103448275862
200caccb-eb54-46c8-ac48-ccca0a38ba4f,0.4657039711191336,0.23826714801444043,0.05776173285198556,0.018050541516245487,0.17328519855595667,0.04693140794223827
20d1ce4c-a725-4b80-9fa1-1651b4de9e1e,0.0,0.7594501718213058,0.0,0.037800687285223365,0.18556701030927836,0.01718213058419244
2119b84e-186c-4153-bc6f-24f5434546c1,0.16312056737588654,0.36879432624113473,0.028368794326241134,0.028368794326241134,0.2624113475177305,0.14893617021276595
23356d79-02b3-4953-abc8-d1ddda3aba65,0.315018315018315,0.3443223443223443,0.014652014652014652,0.014652014652014652,0.2490842490842491,0.06227106227106227
234a2e7e-5bec-46ca-a1f3-c9b2156a434c,0.010452961672473868,0.6236933797909407,0.0,0.0975609756097561,0.24041811846689895,0.027874564459930314
23feee3f-1740-4326-9442-cbd07913b2b3,0.017241379310344827,0.8172413793103448,0.034482758620689655,0.0,0.11724137931034483,0.013793103448275862
251d8008-4e4a-42bb-9927-8c2e3642abe3,0.006779661016949152,0.8271186440677966,0.0,0.003389830508474576,0.13559322033898305,0.02711864406779661
2554aa98-24dd-48b4-af97-f7b0979266e1,0.0,0.8466666666666667,0.0,0.006666666666666667,0.13333333333333333,0.013333333333333334
25c1947d-9aff-4d15-93e3-7d7b45687f76,0.048109965635738834,0.7457044673539519,0.044673539518900345,0.0,0.15463917525773196,0.006872852233676976
27182fcd-a003-48f2-87bd-e7c53ff5cd49,0.35507246376811596,0.29347826086956524,0.018115942028985508,0.021739130434782608,0.21739130434782608,0.09420289855072464
27c8e088-977a-445d-b3ca-eeb8dc30e5b1,0.11913357400722022,0.5090252707581228,0.039711191335740074,0.0036101083032490976,0.23465703971119134,0.09386281588447654
27ecc060-f4e3-4444-828c-1a7df507b243,0.010273972602739725,0.6404109589041096,0.003424657534246575,0.06506849315068493,0.2534246575342466,0.0273972602739726
2820c2bc-4bff-4f48-9987-e2cf78a83779,0.041237113402061855,0.7800687285223368,0.006872852233676976,0.0,0.14432989690721648,0.027491408934707903
2887f4b7-071a-4f19-96e5-59fc1c23a3de,0.003389830508474576,0.6915254237288135,0.0,0.023728813559322035,0.25084745762711863,0.030508474576271188
2893d008-fd5d-43b7-b27d-b11f2433226b,0.1791044776119403,0.20149253731343283,0.022388059701492536,0.22388059701492538,0.2126865671641791,0.16044776119402984
293b9c6b-923d-4fbd-a8ff-820fc17dd25f,0.18315018315018314,0.4139194139194139,0.018315018315018316,0.0,0.25274725274725274,0.13186813186813187
29b66443-b2b7-4713-a332-5dc28e45e832,0.010169491525423728,0.7593220338983051,0.003389830508474576,0.006779661016949152,0.18305084745762712,0.03728813559322034
2a46269c-ccb6-4a7f-a7db-e2a4b01efedb,0.03260869565217391,0.4384057971014493,0.036231884057971016,0.13405797101449277,0.27898550724637683,0.07971014492753623
2a6971ec-4efd-4502-92d7-3a102f18b009,0.24087591240875914,0.39416058394160586,0.021897810218978103,0.025547445255474453,0.25547445255474455,0.06204379562043796
2b7f820b-2dc5-47f4-a7e6-ed5486d28821,0.09621993127147767,0.5189003436426117,0.006872852233676976,0.010309278350515464,0.32646048109965636,0.041237113402061855
2bc28caa-91cb-478f-b5f5-18066abe4c67,0.14035087719298245,0.5298245614035088,0.010526315789473684,0.014035087719298246,0.24561403508771928,0.05964912280701754
2bc49712-c49f-4a40-af2f-6666b2d1dab8,0.5251798561151079,0.14028776978417265,0.03597122302158273,0.04316546762589928,0.16906474820143885,0.08633093525179857
2c0de2b9-19c0-4406-80dc-292a85b319b5,0.296028880866426,0.2996389891696751,0.02888086642599278,0.05054151624548736,0.2490974729241877,0.07581227436823104
2c514e71-fa92-4000-a7dc-800e9b93f40b,0.11827956989247312,0.5734767025089605,0.014336917562724014,0.010752688172043012,0.24014336917562723,0.043010752688172046
2d9e06a3-7f2c-491f-94e1-95dc74d551c1,0.03460207612456748,0.7854671280276817,0.01730103806228374,0.0,0.14186851211072665,0.020761245674740483
2e092b92-e97d-464c-9683-335ac488fcba,0.04878048780487805,0.6689895470383276,0.006968641114982578,0.006968641114982578,0.2229965156794425,0.04529616724738676
2f0d2631-95e0-4a45-a429-38abfd159698,0.020477815699658702,0.7235494880546075,0.006825938566552901,0.0,0.21843003412969283,0.030716723549488054
2f8ef481-7495-4f3f-beca-11cbb028e4b7,0.38028169014084506,0.2640845070422535,0.04225352112676056,0.028169014084507043,0.2147887323943662,0.07042253521126761
2fb184ff-696b-498b-b129-15833ca60159,0.0851063829787234,0.46808510638297873,0.010638297872340425,0.06382978723404255,0.2978723404255319,0.07446808510638298
2ffb33fc-11cd-4c52-b19c-f75bac9a3059,0.17421602787456447,0.5923344947735192,0.013937282229965157,0.003484320557491289,0.18118466898954705,0.03484320557491289
3005f7be-ecd3-488f-84c1-e8c1d5d24684,0.0,0.87,0.0,0.0033333333333333335,0.11666666666666667,0.01
315bb442-474a-40c5-aba8-c8c34107f4dc,0.11152416356877323,0.4944237918215613,0.03345724907063197,0.007434944237918215,0.2788104089219331,0.07434944237918216
318adc41-c70a-4e67-ba63-f15467e24662,0.07042253521126761,0.6971830985915493,0.035211267605633804,0.0,0.16549295774647887,0.03169014084507042
322dc197-3246-48b0-9d87-6954f9fdeffd,0.0034129692832764505,0.7679180887372014,0.0,0.010238907849829351,0.18771331058020477,0.030716723549488054
32952431-5270-4079-bf76-d081ff53e9f2,0.0456140350877193,0.48771929824561405,0.014035087719298246,0.08421052631578947,0.2982456140350877,0.07017543859649122
3365ff61-4ec6-4899-8a85-313b009625df,0.27402135231316727,0.40213523131672596,0.014234875444839857,0.02491103202846975,0.2206405693950178,0.06405693950177936
35a55870-b954-4646-b473-1f3e8e92de54,0.039711191335740074,0.592057761732852,0.021660649819494584,0.04693140794223827,0.26714801444043323,0.032490974729241874
368e7d5e-0c68-43f6-af77-bb5110162265,0.2,0.41923076923076924,0.1076923076923077,0.0,0.23076923076923078,0.04230769230769231
36eee2cc-02c2-4836-a9b1-56f61f87c0c2,0.053003533568904596,0.7137809187279152,0.0035335689045936395,0.01060070671378092,0.17314487632508835,0.045936395759717315
375f6549-0a89-4607-97eb-3cad420b8153,0.031141868512110725,0.6401384083044983,0.0034602076124567475,0.01384083044982699,0.2768166089965398,0.03460207612456748
378173cf-9fac-453d-bb68-c65ffe9fb984,0.0033783783783783786,0.8581081081081081,0.0,0.013513513513513514,0.11824324324324324,0.006756756756756757
378b5050-661c-4102-bc38-ee9cc0492d4d,0.0,0.8422818791946308,0.0,0.010067114093959731,0.14093959731543623,0.006711409395973154
37c66c48-aa2b-42b6-b053-9a141808164b,0.03806228373702422,0.8131487889273357,0.010380622837370242,0.0,0.12802768166089964,0.010380622837370242
38e06382-816c-4ee7-bedc-c6a18f626cfc,0.25572519083969464,0.366412213740458,0.10687022900763359,0.019083969465648856,0.20229007633587787,0.04961832061068702
39c6c4c9-fcf5-4724-a85a-0604d1871a92,0.04436860068259386,0.7610921501706485,0.0,0.0034129692832764505,0.16040955631399317,0.030716723549488054
3a051c05-7ee9-45bb-b52a-418d32ba8be0,0.09574468085106383,0.6453900709219859,0.014184397163120567,0.0070921985815602835,0.20567375886524822,0.031914893617021274
3abec066-e1bf-48c4-8bf2-02d697544c97,0.16725978647686832,0.4199288256227758,0.0071174377224199285,0.021352313167259787,0.28825622775800713,0.09608540925266904
3af76e4b-2bb1-4110-93f7-f359c03d8213,0.08275862068965517,0.5724137931034483,0.006896551724137931,0.03103448275862069,0.2482758620689655,0.05862068965517241
3b1699d3-8194-4317-850c-a470b4037da4,0.05985915492957746,0.5880281690140845,0.017605633802816902,0.007042253521126761,0.25704225352112675,0.07042253521126761
3b271269-1b01-4be4-abdb-542684983a7d,0.13620071684587814,0.4874551971326165,0.053763440860215055,0.0,0.2616487455197133,0.06093189964157706
3b3d0f33-86e7-4ead-9295-229ef0de00f5,0.15217391304347827,0.3442028985507246,0.014492753623188406,0.07971014492753623,0.322463768115942,0.08695652173913043
3b95face-fd40-4e8b-be26-1428591e4d87,0.33579335793357934,0.1918819188191882,0.04059040590405904,0.014760147601476014,0.2177121771217712,0.1992619926199262
3b9a4b29-46c3-48d6-aa78-e6d35e9f1fdd,0.07903780068728522,0.6804123711340206,0.006872852233676976,0.006872852233676976,0.1958762886597938,0.030927835051546393
3c59a3a5-f51d-498f-9d63-3eaf899e934d,0.006872852233676976,0.8075601374570447,0.0,0.013745704467353952,0.15120274914089346,0.020618556701030927
3ca21d9c-b99a-4ec4-9ca2-c49d11bda16b,0.10294117647058823,0.5441176470588235,0.003676470588235294,0.01838235294117647,0.2647058823529412,0.0661764705882353
3cf44ebb-0939-401a-bc52-47d737f72fac,0.3017543859649123,0.2982456140350877,0.02456140350877193,0.028070175438596492,0.2631578947368421,0.08421052631578947
3e0f7953-6550-4880-8984-1e4e9f7ed5cb,0.4962121212121212,0.2159090909090909,0.026515151515151516,0.030303030303030304,0.1590909090909091,0.07196969696969698
3f21ec51-2a6f-4c35-ad11-e35ea6f61b16,0.010101010101010102,0.7946127946127947,0.003367003367003367,0.003367003367003367,0.16161616161616163,0.026936026936026935
3f373b4c-efd5-443f-b646-26ad9c1cd0b5,0.01718213058419244,0.7250859106529209,0.013745704467353952,0.006872852233676976,0.20618556701030927,0.030927835051546393
40cb9a8f-86da-4afe-bc36-7b5d7ffa64de,0.02456140350877193,0.743859649122807,0.0035087719298245615,0.014035087719298246,0.17192982456140352,0.042105263157894736
4113db8f-4cd7-48df-ba91-d6d7b4048d53,0.26181818181818184,0.34545454545454546,0.025454545454545455,0.014545454545454545,0.2727272727272727,0.08
417cecfa-e3af-421f-85c1-fa96a2ce8c7a,0.23297491039426524,0.25806451612903225,0.021505376344086023,0.043010752688172046,0.2939068100358423,0.15053763440860216
41e292f9-755e-4d23-b784-981100dfc6dc,0.0034602076124567475,0.7197231833910035,0.0,0.04844290657439446,0.21107266435986158,0.01730103806228374
422f71f5-ad64-4ec6-9f74-4cbd93692048,0.2198581560283688,0.3617021276595745,0.03546099290780142,0.03900709219858156,0.2695035460992908,0.07446808510638298
42cae69e-b09a-460a-8646-ec9b8249dbaf,0.0,0.759581881533101,0.0,0.013937282229965157,0.18466898954703834,0.041811846689895474
439ba05e-b16f-46c9-8368-04c4f0f53033,0.01060070671378092,0.7455830388692579,0.014134275618374558,0.053003533568904596,0.15901060070671377,0.0176678445229682
43b01254-574a-48c1-b1bd-9fb2194f33b6,0.08896797153024912,0.49110320284697506,0.010676156583629894,0.03914590747330961,0.3096085409252669,0.060498220640569395
440bd17d-3ebc-4636-92af-954ef72f6d13,0.37362637362637363,0.25274725274725274,0.040293040293040296,0.01098901098901099,0.23443223443223443,0.08791208791208792
44b20f70-d6ee-4ffa-9b69-40b27a86753f,0.04912280701754386,0.631578947368421,0.0,0.028070175438596492,0.23157894736842105,0.05964912280701754
45645093-9288-4f6d-a720-c7060d04783a,0.13043478260869565,0.35507246376811596,0.010869565217391304,0.11231884057971014,0.31521739130434784,0.07608695652173914
456bb2c9-3cbe-44e3-bcbc-a2fca76da034,0.3,0.3296296296296296,0.018518518518518517,0.007407407407407408,0.28888888888888886,0.05555555555555555
45e799a2-664e-4889-8b1f-9c5862239929,0.006756756756756757,0.8040540540540541,0.0,0.0,0.14864864864864866,0.04054054054054054
45fd8b19-0eba-4d45-9b5c-fd5ccaf782af,0.02413793103448276,0.7793103448275862,0.0,0.0034482758620689655,0.1793103448275862,0.013793103448275862
46aa5dff-71af-4dfe-bcb0-d770c6ba59d0,0.013986013986013986,0.6363636363636364,0.0034965034965034965,0.12937062937062938,0.2097902097902098,0.006993006993006993
484f7761-ea90-4e2f-88e3-c5bd75eeeeea,0.03125,0.5520833333333334,0.0,0.10069444444444445,0.2847222222222222,0.03125
486a5814-5407-4ff8-85a8-e0951c8ed115,0.04081632653061224,0.7040816326530612,0.017006802721088437,0.02040816326530612,0.17346938775510204,0.04421768707482993
487d7a6e-4b63-4912-81f9-0e463c30586d,0.043010752688172046,0.5591397849462365,0.010752688172043012,0.025089605734767026,0.2724014336917563,0.08960573476702509
48832bd0-7001-4cd0-92c4-92dbaff7d532,0.08664259927797834,0.592057761732852,0.0036101083032490976,0.007220216606498195,0.2527075812274368,0.05776173285198556
488ebc18-8e2d-48d9-b2ab-67ec1e0309ed,0.010067114093959731,0.7953020134228188,0.0,0.006711409395973154,0.1644295302013423,0.02348993288590604
49069a62-a24d-417d-b69e-d27c2c19aa8d,0.056140350877192984,0.6350877192982456,0.031578947368421054,0.007017543859649123,0.24210526315789474,0.028070175438596492
49802e28-77c6-4dfe-9a12-80730d5b55a5,0.0,0.6541095890410958,0.003424657534246575,0.11986301369863013,0.2191780821917808,0.003424657534246575
4a689a21-44a8-47da-a202-4aac99f0e695,0.0599250936329588,0.5955056179775281,0.10112359550561797,0.0,0.21722846441947566,0.026217228464419477
4a9cb4cd-94c7-438f-8294-8ae1409b668b,0.11510791366906475,0.579136690647482,0.014388489208633094,0.007194244604316547,0.22661870503597123,0.05755395683453238
4abf3bba-724f-4612-a24d-1cc2e647b1d6,0.07773851590106007,0.6501766784452296,0.007067137809187279,0.0,0.22614840989399293,0.038869257950530034
4bcfec2b-3e35-4d14-aad5-0c621978ce6b,0.1865671641791045,0.22388059701492538,0.026119402985074626,0.10074626865671642,0.29850746268656714,0.16417910447761194
4cd21a40-2433-4c7d-84a9-e5e8aebd6955,0.21223021582733814,0.4352517985611511,0.06115107913669065,0.01079136690647482,0.21223021582733814,0.0683453237410072
4d17b93e-9ab8-4ddd-ae32-1f9dfad421cd,0.37681159420289856,0.20652173913043478,0.03260869565217391,0.03985507246376811,0.2318840579710145,0.11231884057971014
4d5ec402-9ba4-435a-bb55-ead996d17711,0.49640287769784175,0.2589928057553957,0.04316546762589928,0.02158273381294964,0.12589928057553956,0.0539568345323741
4da61ed5-42ba-4329-88a4-8b8109ac60af,0.03125,0.6631944444444444,0.0,0.04861111111111111,0.22916666666666666,0.027777777777777776
4e0833cb-88e4-4c96-aecc-b057a18aca1e,0.0,0.7466216216216216,0.0,0.02027027027027027,0.21621621621621623,0.016891891891891893
4e1066c3-3b4d-480f-bb07-4cbafeee1073,0.010344827586206896,0.7379310344827587,0.013793103448275862,0.0,0.2,0.03793103448275862
4ff89819-c049-4450-9271-49b0478a8597,0.006825938566552901,0.6825938566552902,0.0,0.06484641638225255,0.22525597269624573,0.020477815699658702
5007c856-04e6-4d70-9ad6-83285f2d0d2a,0.5950704225352113,0.13028169014084506,0.06338028169014084,0.02112676056338028,0.12323943661971831,0.06690140845070422
503c2977-8964-4d33-be86-6cf45a5787a8,0.34519572953736655,0.30604982206405695,0.06405693950177936,0.0035587188612099642,0.20284697508896798,0.07829181494661921
511f4d02-6ad5-46a2-a051-1784286556eb,0.22535211267605634,0.2676056338028169,0.028169014084507043,0.04929577464788732,0.24295774647887325,0.18661971830985916
51d5ef31-d869-4976-a98d-716931cc24f2,0.010526315789473684,0.743859649122807,0.010526315789473684,0.042105263157894736,0.18947368421052632,0.0035087719298245615
51dec43f-5f8d-40b7-a328-b2156218f6d9,0.013888888888888888,0.7118055555555556,0.0,0.04513888888888889,0.21180555555555555,0.017361111111111112
520518fc-9419-4750-884e-0b873e26e575,0.13978494623655913,0.4551971326164875,0.0035842293906810036,0.02867383512544803,0.3046594982078853,0.06810035842293907
52e7413b-4bc3-41ff-8bfa-0d9942e98708,0.03460207612456748,0.8027681660899654,0.02768166089965398,0.0034602076124567475,0.1245674740484429,0.006920415224913495
534c668e-e6ba-4307-84f3-5452a735a2fe,0.0034129692832764505,0.6996587030716723,0.0034129692832764505,0.010238907849829351,0.25597269624573377,0.027303754266211604
53c30d77-4599-4e35-a190-6a646bef9c9b,0.17142857142857143,0.4392857142857143,0.02142857142857143,0.017857142857142856,0.28214285714285714,0.06785714285714285
54689934-366f-425b-aeca-634cf22871dd,0.0,0.6312056737588653,0.0,0.0851063829787234,0.2624113475177305,0.02127659574468085
562fdf77-6aad-42c7-bffa-c58fd33b0895,0.4729241877256318,0.1444043321299639,0.05776173285198556,0.032490974729241874,0.22021660649819494,0.07220216606498195
568da467-978e-414c-8279-5feb7f12eaf8,0.030821917808219176,0.6883561643835616,0.0,0.003424657534246575,0.23972602739726026,0.03767123287671233
56df3095-4aa6-49f0-ad17-eda8dd804f63,0.5,0.14285714285714285,0.05,0.05,0.15,0.10714285714285714
56f1adf7-1283-4e31-a35c-f2bffaba397a,0.1,0.4148148148148148,0.06296296296296296,0.04814814814814815,0.2074074074074074,0.16666666666666666
5796ced4-22f7-49b2-a767-9aa95f2f12e9,0.25448028673835127,0.3942652329749104,0.02867383512544803,0.014336917562724014,0.24731182795698925,0.06093189964157706
581d5126-bafa-4459-a7e9-9692c9a4df93,0.26865671641791045,0.40671641791044777,0.10074626865671642,0.0,0.17164179104477612,0.05223880597014925
58218834-2b9e-4dcc-8d42-47c2e54cfa19,0.4109090909090909,0.22545454545454546,0.07636363636363637,0.025454545454545455,0.1890909090909091,0.07272727272727272
587e27ae-d224-42b4-98c3-babc91d6b504,0.0456140350877193,0.6210526315789474,0.0035087719298245615,0.010526315789473684,0.24210526315789474,0.07719298245614035
58e3324b-f2cb-4368-8c18-95cb6c59c07b,0.013793103448275862,0.6172413793103448,0.010344827586206896,0.0896551724137931,0.21724137931034482,0.05172413793103448
59969361-dcc1-4647-a4d5-69561b325fd1,0.10320284697508897,0.5800711743772242,0.0035587188612099642,0.017793594306049824,0.24555160142348753,0.0498220640569395
59b70a72-5c4c-4b47-99e7-8ee5c3523201,0.0547945205479452,0.4657534246575342,0.010273972602739725,0.13013698630136986,0.2602739726027397,0.07876712328767123
5aa12b7d-a25d-4062-a39d-fb7f85b53d41,0.48398576512455516,0.1708185053380783,0.060498220640569395,0.028469750889679714,0.19217081850533807,0.06405693950177936
5c505f9b-8eb5-42ca-ba5a-4b9033502678,0.010067114093959731,0.889261744966443,0.0,0.0,0.09395973154362416,0.006711409395973154
5c8f7b93-f055-4693-86e1-ddd575cbaed7,0.05734767025089606,0.4157706093189964,0.010752688172043012,0.15770609318996415,0.2903225806451613,0.06810035842293907
5db5c3c7-ee47-4caf-a9a7-b7a151bb858d,0.017482517482517484,0.6538461538461539,0.0,0.04895104895104895,0.24825174825174826,0.03146853146853147
5dced413-610b-4154-a019-cf2a97e85040,0.12455516014234876,0.5409252669039146,0.03558718861209965,0.014234875444839857,0.23843416370106763,0.046263345195729534
5e02eaa6-c46c-4dd8-a562-151ea5837c25,0.25806451612903225,0.35842293906810035,0.025089605734767026,0.021505376344086023,0.26523297491039427,0.07168458781362007
5e034e13-98cb-4a16-b1f5-3207af8749da,0.5035971223021583,0.19424460431654678,0.046762589928057555,0.01079136690647482,0.18345323741007194,0.06115107913669065
5ec6b023-d4b3-48e4-9c57-e441c2f198af,0.014184397163120567,0.5283687943262412,0.010638297872340425,0.07446808510638298,0.3475177304964539,0.024822695035460994
5ec84373-4e0e-4409-93bb-43f0d5cfb913,0.11267605633802817,0.45422535211267606,0.017605633802816902,0.04929577464788732,0.23591549295774647,0.13028169014084506
5fa9653b-4389-4fcf-b819-9426ae2be870,0.11636363636363636,0.52,0.04,0.0,0.29818181818181816,0.025454545454545455
605db9da-63bf-42a0-ba15-e9f8a16444ca,0.24100719424460432,0.302158273381295,0.03597122302158273,0.0539568345323741,0.26258992805755393,0.10431654676258993
609dae5e-9e3f-4de4-b1c9-25758da1be2a,0.03146853146853147,0.6573426573426573,0.01048951048951049,0.03496503496503497,0.23076923076923078,0.03496503496503497
63d2a3c3-27d3-4b25-8ac1-2d24c41e3bdd,0.2,0.3381818181818182,0.02181818181818182,0.02181818181818182,0.28,0.13818181818181818
657b3be8-b0d8-41a0-b67a-e7a64ef0c252,0.01694915254237288,0.8372881355932204,0.006779661016949152,0.0,0.11864406779661017,0.020338983050847456
65c95f30-f4af-4a05-a2f8-f0c118ab5ac5,0.010067114093959731,0.8154362416107382,0.0,0.006711409395973154,0.14093959731543623,0.026845637583892617
662d9810-4b29-458c-88da-c944e2dac40e,0.32,0.29818181818181816,0.03636363636363636,0.02909090909090909,0.23272727272727273,0.08363636363636363
66580800-9081-4bf1-9837-aee96d0cc5f4,0.20577617328519857,0.37906137184115524,0.01444043321299639,0.02888086642599278,0.2924187725631769,0.07942238267148015
6662aa93-d012-43f2-9f1c-a9ded4025992,0.4014336917562724,0.26881720430107525,0.02867383512544803,0.025089605734767026,0.21863799283154123,0.05734767025089606
66dfcb47-e465-40a8-889f-2188cd951e8b,0.05226480836236934,0.6480836236933798,0.003484320557491289,0.013937282229965157,0.2264808362369338,0.05574912891986063
67eca355-5ee7-486a-9381-5ebecf7c3c3e,0.02456140350877193,0.7368421052631579,0.028070175438596492,0.0,0.17543859649122806,0.03508771929824561
68dad1f1-79aa-4f7a-beaa-86659c038670,0.0136986301369863,0.8082191780821918,0.0136986301369863,0.003424657534246575,0.13356164383561644,0.0273972602739726
694de410-cfe4-4c4c-895d-2bbd7a2ab500,0.04363636363636364,0.5490909090909091,0.03272727272727273,0.01090909090909091,0.28363636363636363,0.08
69509b25-5964-460d-95be-b67dddb2752e,0.027972027972027972,0.7727272727272727,0.03496503496503497,0.0,0.15034965034965034,0.013986013986013986
69efdfe6-4ac7-4dd2-9963-1cb333bdb1c4,0.02857142857142857,0.7392857142857143,0.039285714285714285,0.0035714285714285713,0.16785714285714284,0.02142857142857143
69fc1d25-8dd0-41ca-9ea9-30a6453eb21f,0.22545454545454546,0.38545454545454544,0.02909090909090909,0.03272727272727273,0.26181818181818184,0.06545454545454546
6a851c2b-7a96-44f1-8cee-f4c6f02d0686,0.505338078291815,0.18861209964412812,0.042704626334519574,0.0071174377224199285,0.18861209964412812,0.06761565836298933
6a9b759d-513c-4c82-b135-e41b1b5c84a5,0.0,0.7610921501706485,0.0,0.017064846416382253,0.18430034129692832,0.03754266211604096
6b340bec-ae50-4317-8c0f-bb82acb86c71,0.006872852233676976,0.6288659793814433,0.0,0.0859106529209622,0.24398625429553264,0.03436426116838488
6ba15a5d-9f99-4932-8038-cdc0aa0fd91c,0.29473684210526313,0.2912280701754386,0.031578947368421054,0.02456140350877193,0.1824561403508772,0.17543859649122806
6bba39da-49eb-417a-a7fd-c9279d8ba6f7,0.15357142857142858,0.44642857142857145,0.007142857142857143,0.02142857142857143,0.32857142857142857,0.04285714285714286
6bdf8209-96a1-4058-89db-25fa44896f54,0.09154929577464789,0.6302816901408451,0.014084507042253521,0.007042253521126761,0.22535211267605634,0.03169014084507042
6c318e70-7057-4214-be19-53fa118a0db2,0.020689655172413793,0.7862068965517242,0.0,0.0,0.1724137931034483,0.020689655172413793
6c4d93d4-b7bb-437b-a876-075aa1b622ec,0.028169014084507043,0.5633802816901409,0.007042253521126761,0.05985915492957746,0.29577464788732394,0.045774647887323945
6c58a42a-7c84-4fa1-b23d-396c99844215,0.33574007220216606,0.2743682310469314,0.018050541516245487,0.039711191335740074,0.21660649819494585,0.11552346570397112
6c61b30e-f942-4450-a1be-576bc76fadf3,0.02356902356902357,0.835016835016835,0.003367003367003367,0.0,0.12457912457912458,0.013468013468013467
6dbba150-a95f-42ec-be41-1c1ffdfd1cec,0.5563380281690141,0.10915492957746478,0.03873239436619718,0.04225352112676056,0.18309859154929578,0.07042253521126761
6f4fb280-0eb8-4f29-bddd-ab6b38efb9e6,0.1056338028169014,0.6302816901408451,0.04225352112676056,0.0,0.1936619718309859,0.028169014084507043
6f52bab2-c8f4-47e5-955d-e9bb661b2b1d,0.03484320557491289,0.6968641114982579,0.003484320557491289,0.024390243902439025,0.1916376306620209,0.04878048780487805
6f9e2ef8-05dc-4377-8fbd-928474c3560c,0.0627177700348432,0.7665505226480837,0.020905923344947737,0.0,0.1289198606271777,0.020905923344947737
6fc8a038-95cf-444c-bb15-88e36564298c,0.017006802721088437,0.8299319727891157,0.003401360544217687,0.0,0.1326530612244898,0.017006802721088437
6fd0d836-1f5e-49a1-9cd0-d5c462091ae6,0.17375886524822695,0.48936170212765956,0.028368794326241134,0.010638297872340425,0.24822695035460993,0.04964539007092199
70c356dc-a32a-40ef-b26c-3418f97f975a,0.07857142857142857,0.5785714285714286,0.0035714285714285713,0.017857142857142856,0.2642857142857143,0.05714285714285714
71059986-23f0-45a8-894b-87821200f800,0.0034482758620689655,0.6344827586206897,0.0,0.1413793103448276,0.21379310344827587,0.006896551724137931
714dd9a3-0e92-43ec-9571-2540df71b1ab,0.017006802721088437,0.7551020408163265,0.0,0.003401360544217687,0.19387755102040816,0.030612244897959183
714e8675-09b4-4a33-977d-6eb59a9d16d6,0.11072664359861592,0.47750865051903113,0.01384083044982699,0.020761245674740483,0.28027681660899656,0.09688581314878893
71c7d89b-33f9-493a-ad76-9889e24bfc48,0.03819444444444445,0.6840277777777778,0.0,0.010416666666666666,0.21180555555555555,0.05555555555555555
720ac3d6-54e7-460c-99df-f0d5ab0b4ed6,0.05755395683453238,0.658273381294964,0.050359712230215826,0.0,0.2014388489208633,0.03237410071942446
72c1b701-c0ff-4845-bae1-dff612115790,0.09642857142857143,0.6607142857142857,0.014285714285714285,0.007142857142857143,0.18571428571428572,0.03571428571428571
72c2aa5d-ca2b-4428-aa92-b232db58bdb3,0.22932330827067668,0.39473684210526316,0.12030075187969924,0.0,0.20300751879699247,0.05263157894736842
72d9453f-28ee-4308-9e46-4ea8bc1d3c50,0.10104529616724739,0.41114982578397213,0.013937282229965157,0.0627177700348432,0.34146341463414637,0.06968641114982578
73054569-962f-4a35-89ab-78e8dea84d39,0.006711409395973154,0.8993288590604027,0.0,0.0,0.08389261744966443,0.010067114093959731
73363b70-f1be-48ab-86a0-33ef869719ce,0.007042253521126761,0.5985915492957746,0.0,0.04225352112676056,0.29577464788732394,0.056338028169014086
73a28a47-e6c9-45d3-90ee-a850d0a29ebc,0.0812720848056537,0.5865724381625441,0.007067137809187279,0.0176678445229682,0.24028268551236748,0.06713780918727916
75631053-443e-4376-a5e0-f9a72a09a7f0,0.26618705035971224,0.44244604316546765,0.025179856115107913,0.01079136690647482,0.19784172661870503,0.05755395683453238
75bbd758-2e34-4146-84d0-68421fe8c757,0.1863799283154122,0.3655913978494624,0.021505376344086023,0.025089605734767026,0.27956989247311825,0.12186379928315412
75db3e73-6e83-4256-9d92-52ffe667d3d1,0.013605442176870748,0.7959183673469388,0.013605442176870748,0.0,0.1564625850340136,0.02040816326530612
75f3351a-d6a5-4bcd-9a64-eb4bcb451322,0.23880597014925373,0.31343283582089554,0.026119402985074626,0.026119402985074626,0.30597014925373134,0.08955223880597014
765dd17f-7a89-45ea-9ab8-7b22a1ded506,0.04452054794520548,0.7123287671232876,0.00684931506849315,0.003424657534246575,0.1952054794520548,0.03767123287671233
767e26ea-5f18-4495-a4ef-2b1c5a1dfc17,0.1366906474820144,0.5179856115107914,0.025179856115107913,0.007194244604316547,0.2697841726618705,0.04316546762589928
772c5fa0-3582-48c8-8782-201848e764e7,0.16370106761565836,0.6014234875444839,0.0035587188612099642,0.017793594306049824,0.17437722419928825,0.03914590747330961
77834d00-ee2c-4da5-8ba6-07d5d6ab1a00,0.003424657534246575,0.8013698630136986,0.0,0.003424657534246575,0.17465753424657535,0.017123287671232876
786c3e0c-0c37-4533-9f0c-a26f5daaf31e,0.045454545454545456,0.6118881118881119,0.0034965034965034965,0.05244755244755245,0.1993006993006993,0.08741258741258741
799ad597-79c6-46a0-ac42-67472bc6ab07,0.3873239436619718,0.20422535211267606,0.03873239436619718,0.045774647887323945,0.25,0.07394366197183098
7b4cce75-4863-43c2-a27b-849d5ca881db,0.12890625,0.3828125,0.078125,0.015625,0.21875,0.17578125
7bc96c05-7e8c-4573-9531-ccb285e47062,0.013651877133105802,0.757679180887372,0.0034129692832764505,0.006825938566552901,0.19795221843003413,0.020477815699658702
7bcf6576-fba7-45cb-af48-0127fcf0d43d,0.04964539007092199,0.648936170212766,0.0,0.0035460992907801418,0.25177304964539005,0.04609929078014184
7ca3f44c-f587-4d62-8dd3-1f042bda80e0,0.4117647058823529,0.18382352941176472,0.029411764705882353,0.022058823529411766,0.23161764705882354,0.1213235294117647
7de56fe6-6427-45db-b268-d4ab9fad8e31,0.13768115942028986,0.322463768115942,0.018115942028985508,0.06884057971014493,0.322463768115942,0.13043478260869565
7f07732f-d8c6-4d6a-a066-cff317a95de0,0.02054794520547945,0.7123287671232876,0.010273972602739725,0.003424657534246575,0.2054794520547945,0.04794520547945205
7fb42464-d628-4643-bd2b-57d23372d02b,0.0033444816053511705,0.7625418060200669,0.0,0.013377926421404682,0.19732441471571907,0.023411371237458192
81914447-9400-48d3-bfa0-b335fcaa0f62,0.010238907849829351,0.7372013651877133,0.0,0.006825938566552901,0.2150170648464164,0.030716723549488054
81941f92-6105-4850-b2bd-4a9741145f9f,0.43884892086330934,0.25539568345323743,0.07553956834532374,0.0035971223021582736,0.16546762589928057,0.06115107913669065
81d854b8-2513-41f4-9a9d-f6ae7ca2c991,0.017064846416382253,0.8156996587030717,0.023890784982935155,0.0,0.13651877133105803,0.006825938566552901
82ab8a1f-db8d-4f08-a922-9500ceb56189,0.010452961672473868,0.6202090592334495,0.0,0.09059233449477352,0.2229965156794425,0.05574912891986063
83b5a756-60bc-4c79-9114-ea06f9c9fbcb,0.006896551724137931,0.7448275862068966,0.006896551724137931,0.013793103448275862,0.1896551724137931,0.03793103448275862
83e01deb-e6d2-4f57-b67b-0e5923b23571,0.28413284132841327,0.3284132841328413,0.01845018450184502,0.02214022140221402,0.2693726937269373,0.07749077490774908
843bd9f8-dd99-4819-b48d-36c620d393ac,0.013559322033898305,0.8372881355932204,0.0,0.006779661016949152,0.12542372881355932,0.01694915254237288
84514071-289d-4838-bc1f-de0baad0767d,0.0,0.7016949152542373,0.0,0.07796610169491526,0.2135593220338983,0.006779661016949152
848df57f-b3e7-470e-b44d-b465e51b59e1,0.016891891891891893,0.6351351351351351,0.0,0.10810810810810811,0.20945945945945946,0.030405405405405407
85df4683-7789-4cd5-acb9-0e190981d614,0.3054545454545455,0.26545454545454544,0.02909090909090909,0.04,0.2581818181818182,0.10181818181818182
86205f3d-558a-4422-a2c2-e7a23e5dbb00,0.024390243902439025,0.6202090592334495,0.003484320557491289,0.04529616724738676,0.2578397212543554,0.04878048780487805
868e744b-8bb6-4b16-95bc-4f17e06fbf55,0.4157706093189964,0.2078853046594982,0.03942652329749104,0.035842293906810034,0.21505376344086022,0.08602150537634409
869728ef-eb90-4e1b-84cd-ba9f39f29e63,0.47191011235955055,0.19101123595505617,0.026217228464419477,0.0149812734082397,0.20973782771535582,0.08614232209737828
86a51ff5-5f38-4ea8-accb-073d61633220,0.013793103448275862,0.7310344827586207,0.0,0.0034482758620689655,0.22413793103448276,0.027586206896551724
874e5508-c333-4454-8171-73c7ac4927fa,0.09025270758122744,0.592057761732852,0.007220216606498195,0.018050541516245487,0.23465703971119134,0.05776173285198556
879fea2a-75d8-4ba3-ac79-613e4425dde7,0.13261648745519714,0.5304659498207885,0.017921146953405017,0.021505376344086023,0.25448028673835127,0.043010752688172046
89ada88e-0309-45b8-ac5e-af157d7d7458,0.003389830508474576,0.8406779661016949,0.003389830508474576,0.006779661016949152,0.13898305084745763,0.006779661016949152
89c10389-f863-4e52-a26c-3bbdeb134c42,0.08865248226950355,0.5212765957446809,0.010638297872340425,0.010638297872340425,0.2695035460992908,0.09929078014184398
8a6d8dc1-7a03-4f7c-9567-d4ed19544304,0.027586206896551724,0.7896551724137931,0.017241379310344827,0.0,0.15172413793103448,0.013793103448275862
8b27e9e9-2730-49c3-9a2a-d7b202e2145b,0.045774647887323945,0.7605633802816901,0.017605633802816902,0.0,0.1443661971830986,0.03169014084507042
8b9a6baa-f4df-432e-b90a-84fd3fa73598,0.0,0.8013468013468014,0.0,0.006734006734006734,0.1750841750841751,0.016835016835016835
8b9f0d38-4c03-4877-9d0d-d76b28d8ac77,0.37454545454545457,0.23636363636363636,0.025454545454545455,0.025454545454545455,0.24727272727272728,0.09090909090909091
8bfe3c0e-7a51-4fab-8b41-aefc5098df94,0.44404332129963897,0.19494584837545126,0.05415162454873646,0.021660649819494584,0.22021660649819494,0.06498194945848375
8c40fc72-1d43-4e45-bffa-359027d7a24e,0.006968641114982578,0.6794425087108014,0.0,0.04529616724738676,0.25435540069686413,0.013937282229965157
8d783898-b74a-4bc5-bddf-075d7346f274,0.0035587188612099642,0.6619217081850534,0.0,0.03202846975088968,0.23843416370106763,0.06405693950177936
8d7edd1c-ba85-4d7e-b81f-9279dfac9d31,0.0,0.6539792387543253,0.0,0.11418685121107267,0.2179930795847751,0.01384083044982699
8e4dea91-4f0e-44c8-83e8-1d342384b25c,0.09154929577464789,0.7147887323943662,0.0035211267605633804,0.0035211267605633804,0.1619718309859155,0.02464788732394366
8f64b419-48ed-4872-8efa-c467b5d7f0d8,0.01730103806228374,0.7370242214532872,0.0034602076124567475,0.006920415224913495,0.18685121107266436,0.04844290657439446
8ffc793f-af42-45da-9dd9-8a742fe80ba3,0.12367491166077739,0.657243816254417,0.0353356890459364,0.0035335689045936395,0.15901060070671377,0.02120141342756184
900c7536-4202-4540-9e2a-4f539d863a19,0.023972602739726026,0.8184931506849316,0.00684931506849315,0.003424657534246575,0.13356164383561644,0.0136986301369863
905c977a-87e4-4b53-b371-860733743b33,0.4581818181818182,0.22181818181818183,0.03636363636363636,0.007272727272727273,0.17454545454545456,0.10181818181818182
912ef31e-802f-4234-8ecb-c6fcc49b9ecb,0.12992125984251968,0.3858267716535433,0.17716535433070865,0.03543307086614173,0.2125984251968504,0.05905511811023622
9169dd39-0fe1-4d6f-ac90-ff15d65cd7f2,0.0034482758620689655,0.696551724137931,0.0,0.0,0.25517241379310346,0.04482758620689655
935dc913-c9e8-4c27-900a-fb8bd3f610f6,0.32269503546099293,0.30141843971631205,0.028368794326241134,0.028368794326241134,0.24468085106382978,0.07446808510638298
93662436-cb4b-4209-a438-b6a251e546aa,0.05755395683453238,0.5899280575539568,0.0035971223021582736,0.02877697841726619,0.2302158273381295,0.08992805755395683
93dc8818-4e9a-49a0-8c7d-6c6aebbfa760,0.28363636363636363,0.34545454545454546,0.025454545454545455,0.02181818181818182,0.2690909090909091,0.05454545454545454
9400c796-ccb0-40db-9eff-73dc662b1007,0.024054982817869417,0.7766323024054983,0.041237113402061855,0.0,0.12714776632302405,0.030927835051546393
940ee9f2-e2ab-432d-90bb-826171da1222,0.11469534050179211,0.3548387096774194,0.014336917562724014,0.08602150537634409,0.2867383512544803,0.14336917562724014
95c147b7-45ab-4888-a14b-eeefdc7e334f,0.23880597014925373,0.26865671641791045,0.022388059701492536,0.022388059701492536,0.2947761194029851,0.15298507462686567
95c6865b-6149-4c3c-aa7f-52ea684961ad,0.016835016835016835,0.8148148148148148,0.003367003367003367,0.0,0.14814814814814814,0.016835016835016835
96e81558-cd84-41bd-8fac-ac4c7efc4c17,0.2222222222222222,0.42592592592592593,0.044444444444444446,0.003703703703703704,0.24814814814814815,0.05555555555555555
97656e28-c8f1-4e12-a18a-ad5922c16639,0.033783783783783786,0.8040540540540541,0.010135135135135136,0.0,0.13851351351351351,0.013513513513513514
97a32339-9618-4c53-9988-494212c6ccfa,0.0,0.6758620689655173,0.0,0.08275862068965517,0.23103448275862068,0.010344827586206896
97ece6cf-4850-480f-b032-8b10693bc495,0.23104693140794225,0.33574007220216606,0.036101083032490974,0.032490974729241874,0.2743682310469314,0.09025270758122744
982b73b3-ee79-43b3-80bb-6d03acec4b7b,0.23636363636363636,0.31636363636363635,0.02909090909090909,0.04,0.28,0.09818181818181818
982f4751-7773-4cac-8a20-dd93abfa39e1,0.034722222222222224,0.7222222222222222,0.0625,0.0,0.15625,0.024305555555555556
9864381c-a94c-4541-8071-4cc76106c9eb,0.006688963210702341,0.842809364548495,0.0,0.0,0.14046822742474915,0.010033444816053512
989e1a39-f4b8-4408-a0df-a6a8d0ed2d91,0.04964539007092199,0.7730496453900709,0.04964539007092199,0.0,0.10638297872340426,0.02127659574468085
99c442be-d4c6-4aa6-8b06-a14d91a5f83f,0.010101010101010102,0.8855218855218855,0.003367003367003367,0.0,0.08754208754208755,0.013468013468013467
9a16a5d1-790f-441e-a31f-0dc15344d6c1,0.003401360544217687,0.7721088435374149,0.0,0.01020408163265306,0.19387755102040816,0.02040816326530612
9b5d5f04-9bed-4784-86f6-032a87c1a794,0.0033783783783783786,0.7567567567567568,0.010135135135135136,0.010135135135135136,0.20945945945945946,0.010135135135135136
9bb6c56d-8ea9-4fd8-bc16-bb2bc2bd9f9e,0.017605633802816902,0.5528169014084507,0.0035211267605633804,0.06690140845070422,0.30633802816901406,0.0528169014084507
9d3575e8-c23a-4124-9698-1b562e63489d,0.13978494623655913,0.46953405017921146,0.010752688172043012,0.021505376344086023,0.26523297491039427,0.0931899641577061
9d3811c0-f783-4e7a-9312-c2d68d8b399b,0.0,0.8203389830508474,0.0,0.003389830508474576,0.14915254237288136,0.02711864406779661
9df302a9-347e-4dfe-ac77-efd8ca1ee728,0.01020408163265306,0.8333333333333334,0.017006802721088437,0.0,0.12244897959183673,0.017006802721088437
9e2604fc-76c2-4a83-b5d9-4c8497b07a5c,0.023076923076923078,0.3192307692307692,0.046153846153846156,0.23076923076923078,0.27307692307692305,0.1076923076923077
9ff37be8-c2d4-4487-a06b-77d271099b31,0.024822695035460994,0.5177304964539007,0.010638297872340425,0.11347517730496454,0.28368794326241137,0.04964539007092199
a060c6b3-f695-4996-8a2a-2853f521a68d,0.0,0.9033333333333333,0.0,0.0033333333333333335,0.08666666666666667,0.006666666666666667
a14cb6d8-610a-4aa2-997c-25d414df29ae,0.02413793103448276,0.6241379310344828,0.013793103448275862,0.02413793103448276,0.2620689655172414,0.05172413793103448
a1ae662f-bdb7-4085-a315-c90d68185f23,0.20577617328519857,0.4259927797833935,0.018050541516245487,0.021660649819494584,0.259927797833935,0.06859205776173286
a21f3d33-9b2a-416e-9ba8-74426bbbf07e,0.003424657534246575,0.75,0.0,0.04452054794520548,0.18493150684931506,0.017123287671232876
a28ea0d8-4a2f-4522-b092-2fc0fde9084f,0.05054151624548736,0.6606498194945848,0.05776173285198556,0.0,0.20577617328519857,0.02527075812274368
a296c769-1bcf-469b-9c49-c77ca459e891,0.38545454545454544,0.28,0.08,0.0036363636363636364,0.2,0.05090909090909091
a423b5d4-50e4-45de-bdb0-2cd542f841a6,0.4748201438848921,0.1474820143884892,0.0683453237410072,0.03597122302158273,0.18705035971223022,0.08633093525179857
a429c6c9-f88d-4917-b8c1-b6e35bab878d,0.003424657534246575,0.6917808219178082,0.0,0.03767123287671233,0.2328767123287671,0.03424657534246575
a4c99672-9a9c-421e-8612-a1999c4e84bb,0.3800738007380074,0.22509225092250923,0.033210332103321034,0.04059040590405904,0.22878228782287824,0.09225092250922509
a4f8a2f8-d4eb-4ea5-a4ef-e9d70be94a98,0.025,0.5964285714285714,0.0,0.007142857142857143,0.30357142857142855,0.06785714285714285
a5e9a129-8ada-42b9-8a91-231542b3d588,0.013559322033898305,0.7016949152542373,0.0,0.03389830508474576,0.23389830508474577,0.01694915254237288
a61dd82e-2723-4987-85f9-2d03c0d06032,0.014388489208633094,0.5251798561151079,0.014388489208633094,0.09352517985611511,0.302158273381295,0.050359712230215826
a66210a3-3cbf-4ad2-88ad-1fab0b1c9f0b,0.20216606498194944,0.44404332129963897,0.01444043321299639,0.01444043321299639,0.296028880866426,0.02888086642599278
a66234b6-49da-4806-9895-01efcb86b49e,0.12802768166089964,0.6470588235294118,0.0034602076124567475,0.006920415224913495,0.1695501730103806,0.04498269896193772
a67918b2-d838-4457-b0fe-46cc3aa0701f,0.017361111111111112,0.6527777777777778,0.003472222222222222,0.04513888888888889,0.2569444444444444,0.024305555555555556
a68f30d2-af48-4280-b65c-6c152b47a319,0.026217228464419477,0.33707865168539325,0.02247191011235955,0.21348314606741572,0.31835205992509363,0.08239700374531835
a6e6560a-ad9a-4c18-adb2-c9aea156959c,0.0627177700348432,0.6236933797909407,0.027874564459930314,0.003484320557491289,0.24738675958188153,0.03484320557491289
a7c7f832-c857-4070-b085-0da7a184ae4b,0.06274509803921569,0.6470588235294118,0.07058823529411765,0.011764705882352941,0.1607843137254902,0.047058823529411764
a8233d20-74b9-4e6e-a64e-76a859e7a136,0.043795620437956206,0.7007299270072993,0.05474452554744526,0.0072992700729927005,0.17153284671532848,0.021897810218978103
a8be90a1-24a1-4d6c-8c25-b2972e43db2b,0.10283687943262411,0.6595744680851063,0.02127659574468085,0.0035460992907801418,0.19148936170212766,0.02127659574468085
a929d51a-e459-4592-9088-233abf09258b,0.018115942028985508,0.4927536231884058,0.021739130434782608,0.08695652173913043,0.2753623188405797,0.10507246376811594
a9680f18-c3e6-4b29-82e1-b721bd976111,0.1494661921708185,0.6298932384341637,0.010676156583629894,0.0,0.17793594306049823,0.03202846975088968
a9d3335b-4483-4fd2-9edb-e15ffe4daeda,0.02040816326530612,0.7721088435374149,0.006802721088435374,0.003401360544217687,0.17687074829931973,0.02040816326530612
a9f0599d-6aab-4196-abc7-0d3356c7def0,0.0706713780918728,0.3215547703180212,0.02120141342756184,0.2049469964664311,0.27208480565371024,0.10954063604240283
ab36175b-5f64-493d-b720-a1076b7ff1b2,0.07692307692307693,0.486013986013986,0.006993006993006993,0.06293706293706294,0.3076923076923077,0.05944055944055944
ac35b6de-e652-4e4b-84e8-e30cd650d7d6,0.06690140845070422,0.6267605633802817,0.0035211267605633804,0.017605633802816902,0.23943661971830985,0.045774647887323945
ac849dde-044b-437b-a25d-7adcaf6d2091,0.017064846416382253,0.8020477815699659,0.013651877133105802,0.0,0.15358361774744028,0.013651877133105802
ad39b7cd-c8b7-4efd-99af-85e843ab440e,0.003389830508474576,0.7288135593220338,0.0,0.03389830508474576,0.2135593220338983,0.020338983050847456
ad7f7c54-29f7-407c-9f40-b530cdd30a09,0.024390243902439025,0.7665505226480837,0.013937282229965157,0.003484320557491289,0.14982578397212543,0.041811846689895474
adc07b59-22bb-4866-817a-1aa9c743b502,0.020338983050847456,0.864406779661017,0.010169491525423728,0.0,0.09491525423728814,0.010169491525423728
af0d355f-74e1-411b-9b2b-8b76d4befce3,0.04195804195804196,0.6608391608391608,0.0034965034965034965,0.006993006993006993,0.23776223776223776,0.04895104895104895
afc79150-ccd9-499a-b90e-0254ba647d24,0.010135135135135136,0.875,0.0,0.0033783783783783786,0.10472972972972973,0.006756756756756757
b00a5cac-4d74-45d1-b962-7060958c8cb3,0.003355704697986577,0.8355704697986577,0.003355704697986577,0.003355704697986577,0.13087248322147652,0.02348993288590604
b068aebf-219f-44e3-8465-51244cdc5249,0.11469534050179211,0.5017921146953405,0.007168458781362007,0.025089605734767026,0.2831541218637993,0.06810035842293907
b08e1021-8562-4c3c-a808-39a3cf6507af,0.01020408163265306,0.7687074829931972,0.0,0.0,0.19387755102040816,0.027210884353741496
b09fb167-b3bd-4a97-baf5-221e64028dc7,0.5,0.16785714285714284,0.1,0.017857142857142856,0.17142857142857143,0.04285714285714286
b19c1a7c-b81d-4535-82c6-23619d145987,0.13028169014084506,0.5774647887323944,0.007042253521126761,0.007042253521126761,0.23943661971830985,0.03873239436619718
b234c576-b01e-4b40-b8d6-790d00e6e17f,0.14642857142857144,0.4392857142857143,0.025,0.05714285714285714,0.2571428571428571,0.075
b260a9fa-2317-426a-8640-aa9f393bba37,0.006920415224913495,0.6505190311418685,0.006920415224913495,0.09688581314878893,0.20761245674740483,0.031141868512110725
b2b37676-a16c-4204-ae9b-09e5010b4698,0.003484320557491289,0.7142857142857143,0.0,0.05574912891986063,0.21254355400696864,0.013937282229965157
b39df09e-2844-426b-a489-6a900d798260,0.013422818791946308,0.8456375838926175,0.010067114093959731,0.003355704697986577,0.12080536912751678,0.006711409395973154
b42c9e11-e6de-4086-8372-22f6b74da23d,0.013605442176870748,0.782312925170068,0.0,0.01020408163265306,0.17006802721088435,0.023809523809523808
b4e955f9-ccfc-4c31-84da-b393bf167ce6,0.010309278350515464,0.7800687285223368,0.0,0.024054982817869417,0.17869415807560138,0.006872852233676976
b56c0311-19a6-49bc-83c6-ad43f7f6f941,0.024475524475524476,0.4405594405594406,0.01048951048951049,0.08041958041958042,0.3776223776223776,0.06643356643356643
b596e48f-1cc2-4c63-9279-72ed9bb55b25,0.04059040590405904,0.6974169741697417,0.08118081180811808,0.007380073800738007,0.14022140221402213,0.033210332103321034
b5f6f504-df32-446f-82fe-ac6fdd96f4ea,0.013605442176870748,0.7755102040816326,0.003401360544217687,0.006802721088435374,0.16666666666666666,0.034013605442176874
b69a0961-5388-4fe4-8c95-4b4c15743f84,0.05,0.6642857142857143,0.03571428571428571,0.0035714285714285713,0.20357142857142857,0.04285714285714286
b7ab49d0-be96-4d8b-82ca-1f7bf02fb3f2,0.18705035971223022,0.32014388489208634,0.014388489208633094,0.07553956834532374,0.32014388489208634,0.08273381294964029
b7ab4ebd-65cd-4e24-918f-ee1f3a2e8d4a,0.05555555555555555,0.6736111111111112,0.024305555555555556,0.003472222222222222,0.2048611111111111,0.03819444444444445
b7bc8794-9d68-40fe-b7e0-f60225062e33,0.1971326164874552,0.3763440860215054,0.014336917562724014,0.043010752688172046,0.2867383512544803,0.08243727598566308
b85c4bb5-d39a-46a5-aea6-b506bdb6051a,0.020761245674740483,0.7301038062283737,0.0034602076124567475,0.01384083044982699,0.19377162629757785,0.03806228373702422
ba25092e-d725-479f-9e07-83f4fd81bca3,0.20921985815602837,0.3971631205673759,0.028368794326241134,0.04609929078014184,0.2695035460992908,0.04964539007092199
ba29ef48-df3b-44c1-8137-e807d9e012ee,0.05,0.6714285714285714,0.04642857142857143,0.0035714285714285713,0.19285714285714287,0.03571428571428571
ba61c44b-be20-4111-abbe-d5fc63445855,0.013651877133105802,0.8498293515358362,0.006825938566552901,0.0,0.11604095563139932,0.013651877133105802
ba8f316b-c688-484a-bf7f-5a03ecbbeee8,0.07801418439716312,0.6170212765957447,0.04964539007092199,0.0,0.1950354609929078,0.06028368794326241
bc7a5823-f70a-48f3-a716-bf88e675cd43,0.053003533568904596,0.7067137809187279,0.038869257950530034,0.0,0.16607773851590105,0.0353356890459364
bc93ec64-1a1f-42b9-a170-090be9a0e672,0.0,0.8299319727891157,0.0,0.006802721088435374,0.13945578231292516,0.023809523809523808
bcb478d1-a361-4c21-89f9-2325d7c1045e,0.0,0.7766323024054983,0.003436426116838488,0.037800687285223365,0.16838487972508592,0.013745704467353952
bd0fe6d4-9831-4d5a-a504-57717918cfcb,0.09420289855072464,0.4782608695652174,0.018115942028985508,0.021739130434782608,0.32971014492753625,0.057971014492753624
bd3f1c42-1c8f-4315-b1be-56b667fec298,0.04285714285714286,0.575,0.007142857142857143,0.039285714285714285,0.29642857142857143,0.039285714285714285
bd84d621-e3b0-4941-b7c4-444ad520b635,0.0033783783783783786,0.8209459459459459,0.0,0.0033783783783783786,0.15202702702702703,0.02027027027027027
bf83cf1d-8adb-4af9-95f3-b60a9b391389,0.29328621908127206,0.3250883392226148,0.03180212014134275,0.024734982332155476,0.254416961130742,0.0706713780918728
c0066c71-e84f-47d5-9217-b0999eddb709,0.275,0.26071428571428573,0.03571428571428571,0.017857142857142856,0.3107142857142857,0.1
c113b89c-fef4-4bf0-a015-71a8adaf43fa,0.325,0.29642857142857143,0.017857142857142856,0.02857142857142857,0.25357142857142856,0.07857142857142857
c31964bd-9ddf-42fb-ae04-66f0ac7ba1e6,0.41454545454545455,0.18181818181818182,0.04363636363636364,0.05090909090909091,0.19636363636363635,0.11272727272727273
c32df52d-cb91-431b-a712-fe0d4ce64a8f,0.1407942238267148,0.5018050541516246,0.02527075812274368,0.02888086642599278,0.21660649819494585,0.08664259927797834
c3fcde1b-86b8-4978-a71f-6cc3521f6fe0,0.0033783783783783786,0.7601351351351351,0.0,0.033783783783783786,0.1891891891891892,0.013513513513513514
c4426820-594d-47f9-82b8-ed33eee204f9,0.003389830508474576,0.7898305084745763,0.0,0.020338983050847456,0.1694915254237288,0.01694915254237288
c5353219-9795-408c-aae2-9348b7356dd3,0.003367003367003367,0.8855218855218855,0.0,0.003367003367003367,0.10101010101010101,0.006734006734006734
c535d5c3-2640-444c-a9c5-f7f8ce495838,0.3271375464684015,0.17472118959107807,0.055762081784386616,0.08178438661710037,0.21561338289962825,0.1449814126394052
c5c49862-65e5-4b6b-90b1-3b3677ade7c2,0.0136986301369863,0.726027397260274,0.003424657534246575,0.02054794520547945,0.21575342465753425,0.02054794520547945
c674c2ad-fcf7-436e-a83c-d7543cab1a47,0.5035971223021583,0.20863309352517986,0.09352517985611511,0.007194244604316547,0.15467625899280577,0.03237410071942446
c78e611a-f4e1-456f-8f1d-1063331971b9,0.6942446043165468,0.09712230215827339,0.02158273381294964,0.02877697841726619,0.09712230215827339,0.06115107913669065
c7c4b5bd-9f28-4558-a0d9-f63b1335d40b,0.010416666666666666,0.6631944444444444,0.006944444444444444,0.0625,0.2222222222222222,0.034722222222222224
c8b491b9-6669-4b89-8c07-57a8a3d169e5,0.18248175182481752,0.3357664233576642,0.014598540145985401,0.09124087591240876,0.2846715328467153,0.09124087591240876
c8f28ea2-70b1-4bf5-9554-7112c5e53f54,0.006825938566552901,0.7303754266211604,0.0,0.034129692832764506,0.20477815699658702,0.023890784982935155
c97419b7-17f9-406a-8d92-a4df9d8a9479,0.02702702702702703,0.831081081081081,0.0,0.0,0.125,0.016891891891891893
c9db5527-bb06-44e0-857c-ed6fdf9ea08f,0.5,0.176056338028169,0.04225352112676056,0.028169014084507043,0.2007042253521127,0.0528169014084507
ca3508e1-19ed-4275-95b6-bb4b862e2cb1,0.13602941176470587,0.4264705882352941,0.01838235294117647,0.051470588235294115,0.27941176470588236,0.08823529411764706
ca53ff25-c627-45e3-8431-6c310b872bea,0.0673758865248227,0.6773049645390071,0.05673758865248227,0.0,0.17375886524822695,0.024822695035460994
cb61b734-4777-4cf9-b713-c6995ab1bd52,0.03819444444444445,0.6180555555555556,0.003472222222222222,0.003472222222222222,0.2465277777777778,0.09027777777777778
cb86368b-4374-474a-9865-11efeb03fd5e,0.045936395759717315,0.7137809187279152,0.007067137809187279,0.0,0.19434628975265017,0.038869257950530034
cb9834c9-990b-44b4-88c0-74bd12d56d25,0.013422818791946308,0.8154362416107382,0.0,0.006711409395973154,0.14093959731543623,0.02348993288590604
cba3f414-1ec0-4cb4-8f98-3bf61c0f70e3,0.02711864406779661,0.8101694915254237,0.006779661016949152,0.0,0.13898305084745763,0.01694915254237288
cbc0a51a-5748-4e9b-affa-e5f4234a1f28,0.4036363636363636,0.26181818181818184,0.07272727272727272,0.025454545454545455,0.2,0.03636363636363636
cbf27a11-828d-4307-bfb7-af7a2ef3f66c,0.04436860068259386,0.7406143344709898,0.010238907849829351,0.0034129692832764505,0.18430034129692832,0.017064846416382253
cc62b524-b1a9-4fe9-9d89-4d08499b58bc,0.02040816326530612,0.8537414965986394,0.003401360544217687,0.0,0.11564625850340136,0.006802721088435374
cd1ff9f5-76c9-4780-9c7b-1d9d2c753e37,0.0136986301369863,0.7226027397260274,0.0,0.0136986301369863,0.22602739726027396,0.023972602739726026
cf4a1595-83a7-493b-9405-9d614a605273,0.23809523809523808,0.3772893772893773,0.07326007326007326,0.003663003663003663,0.21245421245421245,0.09523809523809523
cf5bf5aa-eaf5-4d86-95c2-fabf80b8da2f,0.0136986301369863,0.8732876712328768,0.0,0.0,0.10273972602739725,0.010273972602739725
cf6da914-dba5-42a1-92d3-3b756061b54d,0.059233449477351915,0.710801393728223,0.010452961672473868,0.0,0.18815331010452963,0.0313588850174216
cfe50ae7-aae6-49bf-9ea3-fb7dc6ad4e22,0.31135531135531136,0.2271062271062271,0.02564102564102564,0.05860805860805861,0.2271062271062271,0.15018315018315018
d0a34e79-6d85-4e28-bc6f-3dcb140f6d98,0.2971014492753623,0.30434782608695654,0.025362318840579712,0.036231884057971016,0.2608695652173913,0.07608695652173914
d0bb0c2b-85e9-4514-af22-1e64f8bacd41,0.0033444816053511705,0.8595317725752508,0.0033444816053511705,0.0,0.12374581939799331,0.010033444816053512
d0ee5ab3-2910-4be7-b861-8405efa6f2aa,0.017123287671232876,0.8253424657534246,0.02054794520547945,0.0,0.11986301369863013,0.017123287671232876
d0fdd71d-b7ef-41f7-ae9f-6f83d6c9ccf9,0.03169014084507042,0.7323943661971831,0.028169014084507043,0.0035211267605633804,0.1936619718309859,0.01056338028169014
d11097cf-be2d-476e-ba68-932c819216d7,0.03819444444444445,0.6840277777777778,0.0,0.010416666666666666,0.22916666666666666,0.03819444444444445
d148fc9b-2dd3-463d-a10f-ad084f0c3337,0.4870848708487085,0.14760147601476015,0.04059040590405904,0.05904059040590406,0.1918819188191882,0.07380073800738007
d1d814d3-cb88-452f-a9b2-647bbe0b32ef,0.05862068965517241,0.7724137931034483,0.0034482758620689655,0.006896551724137931,0.13448275862068965,0.02413793103448276
d2481672-1da4-4d40-9e56-b89f74750628,0.003367003367003367,0.7508417508417509,0.0,0.020202020202020204,0.19528619528619529,0.030303030303030304
d345a2a7-b0de-4d66-97be-7c1bcf1b7141,0.20146520146520147,0.3956043956043956,0.02564102564102564,0.018315018315018316,0.2893772893772894,0.0695970695970696
d44889b1-f78f-43da-81d2-e989ad216cec,0.027491408934707903,0.6529209621993127,0.006872852233676976,0.024054982817869417,0.22336769759450173,0.06529209621993128
d4d6832a-b3ed-4581-b05a-abc81214f02f,0.41454545454545455,0.2872727272727273,0.03636363636363636,0.007272727272727273,0.2,0.05454545454545454
d522ebc9-34fd-4168-b52d-073ed6ce36f4,0.03460207612456748,0.6851211072664359,0.0034602076124567475,0.010380622837370242,0.23183391003460208,0.03460207612456748
d5720320-7c2c-4883-bede-8a19e7caf818,0.006825938566552901,0.689419795221843,0.0,0.030716723549488054,0.24914675767918087,0.023890784982935155
d5984606-3b93-4af1-946f-531aaa07c888,0.024054982817869417,0.6357388316151202,0.003436426116838488,0.048109965635738834,0.26804123711340205,0.020618556701030927
d5d0eac0-342b-4822-bf87-a49f15f2e827,0.006711409395973154,0.8657718120805369,0.0,0.003355704697986577,0.11409395973154363,0.010067114093959731
d65918dd-c71b-4ac2-b938-6351a312c8d8,0.34050179211469533,0.27956989247311825,0.025089605734767026,0.017921146953405017,0.25448028673835127,0.08243727598566308
d66a6348-667d-4af3-81fa-9a762ea5c1cb,0.1978021978021978,0.32967032967032966,0.018315018315018316,0.03663003663003663,0.25274725274725274,0.16483516483516483
d71e447b-9712-4875-873a-ac8f0cfa972c,0.0136986301369863,0.7945205479452054,0.003424657534246575,0.017123287671232876,0.1506849315068493,0.02054794520547945
d74a2062-b15b-4163-9443-2d92cf35cd2c,0.5037593984962406,0.16917293233082706,0.03383458646616541,0.05263157894736842,0.15789473684210525,0.08270676691729323
d7bc6de0-77a1-461c-8981-28bc6c519823,0.5229681978798587,0.13074204946996468,0.024734982332155476,0.053003533568904596,0.1872791519434629,0.0812720848056537
d80374c8-17b8-4f1c-bf0a-f5a25f1f8d7f,0.298932384341637,0.27402135231316727,0.017793594306049824,0.03202846975088968,0.2846975088967972,0.09252669039145907
d8644bc7-a91d-4de4-a811-f7f821e61d27,0.006734006734006734,0.8316498316498316,0.0,0.006734006734006734,0.13131313131313133,0.02356902356902357
d88680f9-d205-4289-b9c3-0b37918bfb9c,0.0034129692832764505,0.7815699658703071,0.0,0.017064846416382253,0.18088737201365188,0.017064846416382253
d9030fa1-bd5c-48fd-aaf7-4b6705e11a1d,0.32014388489208634,0.2302158273381295,0.02158273381294964,0.046762589928057555,0.24820143884892087,0.13309352517985612
d967101f-4f09-4bed-bbee-d73a1af18481,0.11636363636363636,0.48,0.01090909090909091,0.025454545454545455,0.2909090909090909,0.07636363636363637
d9e42c7c-9014-40d9-8c11-b8529f6c1483,0.03214285714285714,0.5321428571428571,0.007142857142857143,0.05,0.3107142857142857,0.06785714285714285
da675605-8f67-4c65-a29c-1b11e8cc2051,0.3107142857142857,0.37142857142857144,0.03214285714285714,0.025,0.21071428571428572,0.05
da767b81-6fb1-40bd-a13c-9419ccb1455b,0.16428571428571428,0.4392857142857143,0.02142857142857143,0.02857142857142857,0.275,0.07142857142857142
daa320b0-598c-49cf-a6ac-4a4eb59e1ddf,0.22580645161290322,0.4229390681003584,0.021505376344086023,0.021505376344086023,0.23297491039426524,0.07526881720430108
daab3dab-1b8a-4ca9-aa15-04fb18f3aad9,0.0273972602739726,0.6198630136986302,0.003424657534246575,0.07191780821917808,0.2363013698630137,0.0410958904109589
dab3859f-1bb1-417f-bdbd-48b6b98a8268,0.5848375451263538,0.1444043321299639,0.04332129963898917,0.021660649819494584,0.15162454873646208,0.05415162454873646
dabf5d34-8cf1-4a5e-82e4-94b9d1f325c4,0.5381818181818182,0.10909090909090909,0.03636363636363636,0.08,0.14181818181818182,0.09454545454545454
daf398b1-1c25-41be-be4f-c0bdd1f64d90,0.34782608695652173,0.3079710144927536,0.021739130434782608,0.014492753623188406,0.2246376811594203,0.08333333333333333
db05ac5e-be56-489d-b0a3-6112f6f98d97,0.07746478873239436,0.5985915492957746,0.0035211267605633804,0.017605633802816902,0.2605633802816901,0.04225352112676056
db0d7f31-7360-49bc-bad7-83a77e0462be,0.04482758620689655,0.7137931034482758,0.0,0.0034482758620689655,0.2103448275862069,0.027586206896551724
db26408f-933d-4e24-9900-9dc5cd0188e2,0.0034482758620689655,0.7586206896551724,0.0034482758620689655,0.03103448275862069,0.19310344827586207,0.010344827586206896
db426848-1df8-403e-8727-0ef1faa15e6b,0.2775800711743772,0.3416370106761566,0.017793594306049824,0.028469750889679714,0.25622775800711745,0.07829181494661921
dbf0e810-2626-4097-9c15-1767fb9b1f01,0.33211678832116787,0.21897810218978103,0.029197080291970802,0.0364963503649635,0.24817518248175183,0.13503649635036497
dcc15680-c6c4-4b8d-bd93-8d11e63b8f08,0.03125,0.8020833333333334,0.024305555555555556,0.0,0.11805555555555555,0.024305555555555556
dccb4fdc-7d4f-4e20-859c-225606174a02,0.010309278350515464,0.7147766323024055,0.0,0.030927835051546393,0.20962199312714777,0.03436426116838488
dccd047e-bec7-4713-818b-d1956377fd72,0.07773851590106007,0.6289752650176679,0.014134275618374558,0.0,0.2226148409893993,0.05653710247349823
dcef74eb-8c81-47e1-a838-88a331ca21fc,0.07191780821917808,0.7534246575342466,0.030821917808219176,0.003424657534246575,0.1267123287671233,0.0136986301369863
ddf29b49-857e-4edd-8612-577d96617c33,0.12686567164179105,0.13805970149253732,0.014925373134328358,0.13432835820895522,0.19029850746268656,0.39552238805970147
de9242e2-2362-4af9-aa53-2869bf5fb65e,0.045936395759717315,0.5901060070671378,0.0035335689045936395,0.03180212014134275,0.2826855123674912,0.045936395759717315
dec24fd7-0e95-46c5-b509-065e441d7ef7,0.03942652329749104,0.46236559139784944,0.0035842293906810036,0.08960573476702509,0.34408602150537637,0.06093189964157706
df5d788d-29cb-4f59-8163-a5d8d47192d1,0.01048951048951049,0.6958041958041958,0.0,0.03146853146853147,0.23426573426573427,0.027972027972027972
e0bb1e35-aaee-4aab-9c6f-11a815e77018,0.006802721088435374,0.8469387755102041,0.003401360544217687,0.0,0.11904761904761904,0.023809523809523808
e1016860-05ac-410e-b2de-e4e7a462996e,0.19217081850533807,0.501779359430605,0.028469750889679714,0.017793594306049824,0.2206405693950178,0.03914590747330961
e1c74626-ff2f-4143-9bc3-56ba0934e1a2,0.3212996389891697,0.2743682310469314,0.061371841155234655,0.018050541516245487,0.2527075812274368,0.07220216606498195
e2a8f5da-5364-4a5f-a36e-207746e9b68a,0.32857142857142857,0.225,0.017857142857142856,0.02857142857142857,0.19642857142857142,0.20357142857142857
e3427803-20c6-4f6d-b59b-ae91f62b0732,0.10638297872340426,0.5141843971631206,0.010638297872340425,0.03900709219858156,0.2765957446808511,0.05319148936170213
e46988f2-8695-4065-80ad-435ca7ffecf1,0.010344827586206896,0.7689655172413793,0.0034482758620689655,0.006896551724137931,0.15862068965517243,0.05172413793103448
e4df7426-0db8-4990-af5e-59e25fe80e33,0.08421052631578947,0.6070175438596491,0.007017543859649123,0.02456140350877193,0.20701754385964913,0.07017543859649122
e5255b20-c63c-4253-ae9f-e06371829240,0.017064846416382253,0.757679180887372,0.0,0.0034129692832764505,0.18771331058020477,0.034129692832764506
e5634374-58ae-49ae-a212-79d41b452cfa,0.0,0.7661016949152543,0.0,0.003389830508474576,0.20677966101694914,0.023728813559322035
e6273e14-56f6-40ed-9c44-092c1600fe64,0.2210144927536232,0.34057971014492755,0.025362318840579712,0.028985507246376812,0.29347826086956524,0.09057971014492754
e64cdb0e-e8e2-40bb-aa51-ae659cbba8d0,0.07604562737642585,0.5361216730038023,0.1482889733840304,0.011406844106463879,0.19771863117870722,0.030418250950570342
e6976eca-de95-4286-92e8-3323adfc7739,0.1099290780141844,0.5141843971631206,0.014184397163120567,0.01773049645390071,0.23049645390070922,0.11347517730496454
e6f7c8eb-fbe1-470b-9ed7-b0bea0d62177,0.1111111111111111,0.5448028673835126,0.03942652329749104,0.0035842293906810036,0.25089605734767023,0.05017921146953405
e7befcf7-9b54-4076-816d-a73e1733f19b,0.3088235294117647,0.35294117647058826,0.025735294117647058,0.01838235294117647,0.22794117647058823,0.0661764705882353
e7ca3afb-55fb-4c98-87ff-fb0b716d98a4,0.225,0.4714285714285714,0.05714285714285714,0.0,0.19642857142857142,0.05
e88b65f8-6eb1-4d10-b24b-4dc5259538e7,0.20938628158844766,0.5740072202166066,0.05415162454873646,0.0036101083032490976,0.1299638989169675,0.02888086642599278
e93cea35-524b-495a-b651-0818c97190c1,0.013559322033898305,0.6644067796610169,0.0,0.08135593220338982,0.21694915254237288,0.023728813559322035
e993be54-7ddb-4f6e-81ca-c04e06ceb00f,0.02120141342756184,0.8056537102473498,0.028268551236749116,0.014134275618374558,0.12367491166077739,0.007067137809187279
eb538a7f-b117-4cfa-b3be-18b7cfbb8dde,0.010169491525423728,0.7661016949152543,0.0,0.04406779661016949,0.17288135593220338,0.006779661016949152
ebad23bd-6377-4193-bc81-55196f36648d,0.3333333333333333,0.2808988764044944,0.0149812734082397,0.0299625468164794,0.25842696629213485,0.08239700374531835
ec53481e-8ff8-4b70-a5e7-8e25bcd8492c,0.028469750889679714,0.608540925266904,0.0,0.12099644128113879,0.2099644128113879,0.03202846975088968
eca78a4e-4545-47b4-a742-7ab90c0836ca,0.030508474576271188,0.5898305084745763,0.003389830508474576,0.03389830508474576,0.29491525423728815,0.04745762711864407
eca7edf5-a569-4296-9df0-73a746f6f88a,0.025,0.5892857142857143,0.0,0.09285714285714286,0.26785714285714285,0.025
ece67646-8cb9-4c85-beb5-07c5770fdebe,0.02120141342756184,0.6007067137809188,0.0035335689045936395,0.0706713780918728,0.2756183745583039,0.028268551236749116
ed4f344f-ed1d-48ed-afdf-645051d30a9f,0.2909090909090909,0.32,0.02181818181818182,0.025454545454545455,0.23272727272727273,0.10909090909090909
ed6b282f-9af1-42a5-91e6-38fac1f3f24f,0.1111111111111111,0.45878136200716846,0.0035842293906810036,0.021505376344086023,0.30824372759856633,0.0967741935483871
edb4eedf-35b2-46bb-bb0d-9fb65f234cbe,0.11272727272727273,0.4290909090909091,0.014545454545454545,0.05454545454545454,0.2909090909090909,0.09818181818181818
ee3e6ffd-d68d-46c4-a9e5-b12c8f657a3d,0.10661764705882353,0.44485294117647056,0.007352941176470588,0.051470588235294115,0.30514705882352944,0.08455882352941177
ee519e77-71ea-4e0a-9ffe-26083576a9e1,0.10175438596491228,0.5333333333333333,0.007017543859649123,0.02456140350877193,0.2771929824561403,0.056140350877192984
ee5ae347-0689-49eb-9dd9-b85b38a04df8,0.006872852233676976,0.7250859106529209,0.006872852233676976,0.003436426116838488,0.21993127147766323,0.037800687285223365
ef469d3d-e4d7-4e91-8b74-25e88ee15bf7,0.006711409395973154,0.9093959731543624,0.003355704697986577,0.003355704697986577,0.07046979865771812,0.006711409395973154
efede31d-c575-4de6-9ea7-82819193c5e6,0.006920415224913495,0.643598615916955,0.010380622837370242,0.01384083044982699,0.30103806228373703,0.02422145328719723
f093062c-1fad-4858-aa2e-543e4f1c3d4a,0.2717391304347826,0.358695652173913,0.021739130434782608,0.007246376811594203,0.27898550724637683,0.06159420289855073
f118cd63-baa0-4f51-becb-3ed533f4ff35,0.30685920577617326,0.3862815884476534,0.04332129963898917,0.007220216606498195,0.18772563176895307,0.06859205776173286
f11b83fe-b690-4833-b9ae-51575ce8b260,0.0,0.8996655518394648,0.0,0.0033444816053511705,0.0903010033444816,0.006688963210702341
f16aa051-15b4-4b29-b4af-7017649fb7b0,0.010169491525423728,0.8101694915254237,0.0,0.0,0.13898305084745763,0.04067796610169491
f18fd83a-0deb-4a25-9689-e6b6334d6490,0.02413793103448276,0.6793103448275862,0.0034482758620689655,0.04827586206896552,0.21724137931034482,0.027586206896551724
f1ed1d4c-b888-47c1-8c10-0cba065bc32b,0.03754266211604096,0.7918088737201365,0.010238907849829351,0.0,0.14675767918088736,0.013651877133105802
f256ccff-894e-4557-8f40-732bffcb6a60,0.08303249097472924,0.6787003610108303,0.021660649819494584,0.0,0.18050541516245489,0.036101083032490974
f28086b4-c944-4ed8-a635-279d58d28104,0.020689655172413793,0.8241379310344827,0.0,0.0034482758620689655,0.1310344827586207,0.020689655172413793
f2bea08c-bb94-413d-bbb1-f2ce5077db63,0.024475524475524476,0.7692307692307693,0.006993006993006993,0.006993006993006993,0.15734265734265734,0.03496503496503497
f3561d22-b5bd-49aa-b8b1-25cd63024083,0.023890784982935155,0.7440273037542662,0.0,0.010238907849829351,0.1945392491467577,0.027303754266211604
f432e19f-b615-4633-8aee-3c8d36adc655,0.0,0.6907216494845361,0.0,0.041237113402061855,0.24742268041237114,0.020618556701030927
f4820591-98a8-4c67-aaf9-9e1e631065d1,0.12949640287769784,0.4244604316546763,0.017985611510791366,0.050359712230215826,0.28776978417266186,0.08992805755395683
f4c6d4b1-dd74-4f93-8685-962ec5109912,0.09507042253521127,0.5246478873239436,0.01056338028169014,0.028169014084507043,0.29225352112676056,0.04929577464788732
f563001f-961b-42af-a200-0a959e32aa70,0.0,0.8181818181818182,0.0,0.003367003367003367,0.16161616161616163,0.016835016835016835
f575423c-1774-4dcc-8cd7-a5382c649a68,0.0,0.8720538720538721,0.0,0.0,0.10437710437710437,0.02356902356902357
f5812291-8027-4a28-bece-b9b29cbedd9e,0.003484320557491289,0.6724738675958188,0.0,0.0975609756097561,0.21254355400696864,0.013937282229965157
f6aebb1e-48ed-478f-bea6-3674c9e8fc76,0.3894736842105263,0.24561403508771928,0.02456140350877193,0.021052631578947368,0.24210526315789474,0.07719298245614035
f6e1c9bc-aeb6-4f08-9e18-71022093a505,0.04436860068259386,0.757679180887372,0.0,0.0034129692832764505,0.17406143344709898,0.020477815699658702
f71688be-b9d5-425d-aec7-974e12d3a0c4,0.028070175438596492,0.7298245614035088,0.010526315789473684,0.0035087719298245615,0.18947368421052632,0.03859649122807018
f73b9cf0-7f72-4d1d-ba52-50987a800d6a,0.14788732394366197,0.4647887323943662,0.007042253521126761,0.02112676056338028,0.24647887323943662,0.11267605633802817
f8d62636-548f-4dc1-a866-0e2846f2a5dc,0.010526315789473684,0.7368421052631579,0.010526315789473684,0.0035087719298245615,0.19298245614035087,0.0456140350877193
f94320ff-083a-44c1-acab-ab3d1cbe6ad9,0.4584837545126354,0.18050541516245489,0.04332129963898917,0.02527075812274368,0.20216606498194944,0.09025270758122744
f987dd18-1d5f-45ae-bc8c-3001b8c4624e,0.003401360544217687,0.7244897959183674,0.0,0.017006802721088437,0.22108843537414966,0.034013605442176874
fb1ee6ab-07a4-4f91-9503-14162b81c5ad,0.024734982332155476,0.4381625441696113,0.01060070671378092,0.1413427561837456,0.3286219081272085,0.05653710247349823
fb3d23af-04ad-4a3f-885a-b3d9bf7a4f2b,0.027586206896551724,0.7379310344827587,0.0,0.010344827586206896,0.17586206896551723,0.04827586206896552
fb46ba9a-e0a4-495a-8566-5b06643ca1f1,0.22382671480144403,0.37906137184115524,0.010830324909747292,0.021660649819494584,0.296028880866426,0.06859205776173286
fc2d41d7-d22a-4316-82ca-50f9d3f43a1d,0.11743772241992882,0.5231316725978647,0.0,0.042704626334519574,0.2597864768683274,0.05693950177935943
fc379631-9387-437c-84d9-3ce326ece27a,0.0034965034965034965,0.6398601398601399,0.0,0.11538461538461539,0.21678321678321677,0.024475524475524476
fcb2c439-fdb7-450f-ae15-20cc3fd2c8e8,0.003424657534246575,0.791095890410959,0.00684931506849315,0.003424657534246575,0.17465753424657535,0.02054794520547945
fd63f356-df5a-45dd-a646-fc73bff4f4a8,0.3057553956834532,0.3776978417266187,0.06115107913669065,0.007194244604316547,0.2158273381294964,0.03237410071942446
fd87cb8d-5b38-47c5-985d-d0923d126e08,0.1347517730496454,0.5283687943262412,0.014184397163120567,0.014184397163120567,0.2375886524822695,0.07092198581560284
fd8db6fd-b388-4331-82f5-fcc0f73acb26,0.2693726937269373,0.31365313653136534,0.033210332103321034,0.04797047970479705,0.25461254612546125,0.08118081180811808
ffa278d0-86f2-4334-bf8e-e4cf6dbaff7a,0.6347517730496454,0.09929078014184398,0.03900709219858156,0.031914893617021274,0.13120567375886524,0.06382978723404255
